{"initial_reset_timestamp": 1504289523.702084, "timestamps": [1504289524.443243], "episode_lengths": [24], "episode_rewards": [24.0], "episode_types": ["t"]}